{"1": {"Number_of_Priors<=0.5<=0.5": {"0": 0.0, "1": 0.0, "2": 0.0}, "Number_of_Priors<=1.5<=0.5": {"0": 0.0, "1": 0.053381936006480335, "2": 0.0}, "Number_of_Priors<=6.5<=0.5": {"0": 0.0, "1": 0.0, "2": 0.0}, "Number_of_Priors<=7.5<=0.5": {"0": 0.03155123531794246, "1": 0.0307411907654922, "2": 0.0}, "Number_of_Priors<=8.5<=0.5": {"0": 0.0, "1": 0.0, "2": 0.0}, "Number_of_Priors<=12.5<=0.5": {"0": 0.0, "1": 0.0010935601458080813, "2": 0.0}, "score_factor<=0.5<=0.5": {"0": 0.12478736330498175, "1": 0.046375050627784575, "2": 0.1594167679222358}, "Age_Above_FourtyFive<=0.5<=0.5": {"0": 0.0, "1": 0.0, "2": 0.0}, "Age_Below_TwentyFive<=0.5<=0.5": {"0": 0.0, "1": 0.0, "2": 0.0}, "Female<=0.5<=0.5": {"0": 0.0, "1": 0.0, "2": 0.0}, "Misdemeanor<=0.5<=0.5": {"0": 0.0, "1": 0.0, "2": 0.0}, "Number_of_Priors<=2.5<=0.5": {"0": 0.0, "1": 0.0, "2": 0.0}}, "2": {"Number_of_Priors<=0.5<=0.5": {"0": 0.0, "1": 0.0, "2": 0.015674362089914906, "3": 0.0, "4": 0.0, "5": 0.014378290805994287, "6": 0.0, "7": 0.0, "8": 0.0, "9": 0.0, "10": 0.0, "11": 0.0, "12": 0.024017820980153926, "13": 0.0, "14": 0.0, "15": 0.0, "16": 0.0, "17": 0.0, "18": 0.0, "19": 0.0}, "Number_of_Priors<=1.5<=0.5": {"0": 0.0, "1": 0.0, "2": 0.0, "3": 0.046213041717294456, "4": 0.0, "5": 0.0, "6": 0.0, "7": 0.05188335358444718, "8": 0.0, "9": 0.0, "10": 0.05265289590927502, "11": 0.027703523693803134, "12": 0.0, "13": 0.0, "14": 0.07213446739570673, "15": 0.0, "16": 0.03507492912110166, "17": 0.0, "18": 0.0, "19": 0.0}, "Number_of_Priors<=6.5<=0.5": {"0": 0.0, "1": 0.0, "2": 0.0, "3": 0.0, "4": 0.0, "5": 0.0, "6": 0.03624949372215469, "7": 0.0, "8": 0.0, "9": 0.0, "10": 0.0, "11": 0.03430538679627382, "12": 0.0, "13": 0.0, "14": 0.0, "15": 0.0, "16": 0.0, "17": 0.0, "18": 0.0, "19": 0.0}, "Number_of_Priors<=7.5<=0.5": {"0": 0.0, "1": 0.030133657351154253, "2": 0.0, "3": 0.0, "4": 0.0, "5": 0.0, "6": 0.0, "7": 0.02940461725394894, "8": 0.0, "9": 0.0, "10": 0.031024706358849796, "11": 0.0, "12": 0.0, "13": 0.0, "14": 0.0, "15": 0.02239773187525318, "16": 0.03600648035641962, "17": 0.02134467395706774, "18": 0.0, "19": 0.02814904819765085}, "Number_of_Priors<=8.5<=0.5": {"0": 0.0, "1": 0.0, "2": 0.0, "3": 0.004981773997569938, "4": 0.0, "5": 0.0, "6": 0.0, "7": 0.0, "8": 0.0, "9": 0.011340623734305333, "10": 0.0, "11": 0.0, "12": 0.0, "13": 0.0, "14": 0.006034831915755379, "15": 0.011988659376265809, "16": 0.0, "17": 0.0, "18": 0.028311057108140858, "19": 0.0}, "Number_of_Priors<=12.5<=0.5": {"0": 0.014175779667881638, "1": 0.013365735115431376, "2": 0.007816929931146133, "3": 0.0, "4": 0.0, "5": 0.0, "6": 0.0, "7": 0.0005265289590928868, "8": 0.0, "9": 0.0, "10": 0.011138112596192795, "11": 0.0, "12": 0.0, "13": 0.0, "14": 0.0, "15": 0.0, "16": 0.0, "17": 0.0, "18": 0.0, "19": 0.0}, "score_factor<=0.5<=0.5": {"0": 0.14973673552045363, "1": 0.12774402592142575, "2": 0.0, "3": 0.05070878898339426, "4": 0.0, "5": 0.0, "6": 0.11814499797488864, "7": 0.04665856622114217, "8": 0.16046982584042124, "9": 0.13086269744835954, "10": 0.04362089914945333, "11": 0.03843661401377074, "12": 0.0, "13": 0.0, "14": 0.051154313487241754, "15": 0.0983394086674767, "16": 0.048683677602268216, "17": 0.10315917375455641, "18": 0.13147023086269738, "19": 0.12482786553260417}, "Age_Above_FourtyFive<=0.5<=0.5": {"0": 0.0, "1": 0.0, "2": 0.020696638315107374, "3": 0.0, "4": 0.0, "5": 0.0, "6": 0.0, "7": 0.0, "8": 0.0, "9": 0.0, "10": 0.0, "11": 0.0, "12": 0.0, "13": 0.0, "14": 0.0, "15": 0.0, "16": 0.0, "17": 0.0, "18": 0.0, "19": 0.0}, "Age_Below_TwentyFive<=0.5<=0.5": {"0": 0.0, "1": 0.0, "2": 0.025232887808829485, "3": 0.031065208586472326, "4": 0.044066423653301046, "5": 0.025030376670716947, "6": 0.0, "7": 0.0, "8": 0.0, "9": 0.0, "10": 0.0, "11": 0.0, "12": 0.022519238558120658, "13": 0.04333738355609562, "14": 0.0, "15": 0.0, "16": 0.0, "17": 0.0, "18": 0.0, "19": 0.0}, "Female<=0.5<=0.5": {"0": 0.0, "1": 0.0, "2": 0.0, "3": 0.0, "4": 0.0, "5": 0.0, "6": 0.0, "7": 0.0, "8": 0.0, "9": 0.013649250708788863, "10": 0.0, "11": 0.0, "12": 0.0, "13": 0.0, "14": 0.0, "15": 0.011664641555285571, "16": 0.0, "17": 0.01757796678817336, "18": 0.0, "19": 0.0}, "Misdemeanor<=0.5<=0.5": {"0": 0.0, "1": 0.0, "2": 0.0, "3": 0.0, "4": 0.0, "5": 0.0, "6": 0.0, "7": 0.0, "8": 0.0, "9": 0.0, "10": 0.0, "11": 0.0, "12": 0.0, "13": 0.0, "14": 0.0, "15": 0.0, "16": 0.0, "17": 0.0, "18": 0.0, "19": 0.0}, "Number_of_Priors<=2.5<=0.5": {"0": 0.0, "1": 0.0, "2": 0.10522478736330498, "3": 0.0, "4": 0.130336168489267, "5": 0.13661401377075733, "6": 0.0, "7": 0.0, "8": 0.0, "9": 0.0, "10": 0.0, "11": 0.0, "12": 0.12818955042527336, "13": 0.12912110166059143, "14": 0.0, "15": 0.0, "16": 0.0, "17": 0.0, "18": 0.0, "19": 0.0}}, "3": {"Number_of_Priors<=0.5<=0.5": {"0": 0.02122316727420015, "1": 0.011502632644795452, "2": 0.011259619279060384, "3": 0.0469825840421223, "4": 0.020696638315107374, "5": 0.0, "6": 0.0, "7": 0.0, "8": 0.0, "9": 0.0, "10": 0.0, "11": 0.0, "12": 0.04840016200891051, "13": 0.0104495747266099, "14": 0.0, "15": 0.046334548400162046, "16": 0.0, "17": 0.0, "18": 0.013487241798298966, "19": 0.0}, "Number_of_Priors<=1.5<=0.5": {"0": 0.0, "1": 0.0543134872417983, "2": 0.04973673552045377, "3": 0.0, "4": 0.0, "5": 0.0, "6": 0.0, "7": 0.0, "8": 0.06537059538274603, "9": 0.0, "10": 0.0, "11": 0.0, "12": 0.0008505467800729027, "13": 0.0063993519643581465, "14": 0.0, "15": 0.0, "16": 0.0, "17": 0.05512353179424867, "18": 0.0, "19": 0.0}, "Number_of_Priors<=6.5<=0.5": {"0": 0.0, "1": 0.0, "2": 0.004171729445119454, "3": 0.0, "4": 0.0, "5": 0.01652490886998781, "6": 0.0, "7": 0.0, "8": 0.0, "9": 0.03385986229242599, "10": 0.0, "11": 0.0, "12": 0.0, "13": 0.0, "14": 0.0, "15": 0.0, "16": 0.0, "17": 0.0, "18": 0.0, "19": 0.0}, "Number_of_Priors<=7.5<=0.5": {"0": 0.0, "1": 0.0, "2": 0.0, "3": 0.0, "4": 0.0, "5": 0.0, "6": 0.0, "7": 0.0, "8": 0.0, "9": 0.0, "10": 0.031024706358849796, "11": 0.0, "12": 0.0, "13": 0.0, "14": 0.0, "15": 0.0, "16": 0.028716079384366155, "17": 0.0, "18": 0.0, "19": 0.04143377885783728}, "Number_of_Priors<=8.5<=0.5": {"0": 0.0008910490076955435, "1": 0.0, "2": 0.0, "3": 0.009761036857027117, "4": 0.0256784123126772, "5": 0.01867152693398133, "6": 0.0, "7": 0.0, "8": 0.0, "9": 0.0036857027136493192, "10": 0.0, "11": 0.0232887808829485, "12": 0.005305791818549954, "13": 0.0, "14": 0.0, "15": 0.0, "16": 0.0, "17": 0.026488456865127574, "18": 0.0018631024706358135, "19": 0.0}, "Number_of_Priors<=12.5<=0.5": {"0": 0.0, "1": 0.0, "2": 0.0, "3": 0.0, "4": 0.0, "5": 0.0, "6": 0.013203726204941257, "7": 0.0, "8": 0.0029971648440665355, "9": 0.0, "10": 0.0, "11": 0.012434183880113414, "12": 0.0, "13": 0.0, "14": 0.0, "15": 0.0, "16": 0.0, "17": 0.0, "18": 0.0, "19": 0.0}, "score_factor<=0.5<=0.5": {"0": 0.0, "1": 0.07727825030376678, "2": 0.03770757391656554, "3": 0.07160793843661395, "4": 0.028918590522478693, "5": 0.10291616038882134, "6": 0.0682867557715674, "7": 0.05978128797083848, "8": 0.06719319562575943, "9": 0.09169704333738349, "10": 0.05419198055893082, "11": 0.125597407857432, "12": 0.07339003645200493, "13": 0.0, "14": 0.0, "15": 0.10587282300526524, "16": 0.049979748886188835, "17": 0.06261644390441479, "18": 0.03900364520048605, "19": 0.07699473471040907}, "Age_Above_FourtyFive<=0.5<=0.5": {"0": 0.0, "1": 0.0, "2": 0.0, "3": 0.0, "4": 0.0, "5": 0.0, "6": 0.0, "7": 0.0, "8": 0.0, "9": 0.0, "10": 0.0, "11": 0.0, "12": 0.0, "13": 0.0, "14": 0.018307006885378674, "15": 0.0, "16": 0.0, "17": 0.0, "18": 0.0, "19": 0.0}, "Age_Below_TwentyFive<=0.5<=0.5": {"0": 0.0248278655326043, "1": 0.011178614823815436, "2": 0.014013770757391741, "3": 0.0, "4": 0.028270554880518328, "5": 0.0, "6": 0.013608748481166555, "7": 0.04835965978128798, "8": 0.0, "9": 0.0, "10": 0.014418793033616817, "11": 0.0, "12": 0.0, "13": 0.025516403402187082, "14": 0.025151883353584314, "15": 0.0, "16": 0.01296071283920619, "17": 0.007938436614013833, "18": 0.025151883353584537, "19": 0.0}, "Female<=0.5<=0.5": {"0": 0.0, "1": 0.0, "2": 0.0, "3": 0.0,