{"1": {"instant<=-1.2416709661483765<=0.5": {"0": 0.0}, "instant<=0.0991622619330883<=0.5": {"0": 0.044231875719217495}, "hr<=-0.7298895418643951<=0.5": {"0": 0.22569044879171463}, "hr<=1.4394944906234741<=0.5": {"0": 0.012921940928269926}, "temp<=-0.7633471786975861<=0.5": {"0": 0.0}, "temp<=-0.6594813466072083<=0.5": {"0": 0.0}, "temp<=-0.2440180405974388<=0.5": {"0": 0.0}, "temp<=-0.1401522234082222<=0.5": {"0": 0.08769658611430775}, "hum<=0.8695967793464661<=0.5": {"0": 0.0}, "hr<=1.5841200947761536<=0.5": {"0": 0.0}}, "2": {"instant<=-1.2416709661483765<=0.5": {"0": 0.08505945531261982, "1": 0.0, "2": 0.0, "3": 0.0}, "instant<=0.0991622619330883<=0.5": {"0": 0.0, "1": 0.04703682393555808, "2": 0.041786536248561656, "3": 0.04427982355197535}, "hr<=-0.7298895418643951<=0.5": {"0": 0.2639528193325661, "1": 0.23628691983122363, "2": 0.23237917146144993, "3": 0.22974204065976211}, "hr<=1.4394944906234741<=0.5": {"0": 0.046149789029535815, "1": 0.0, "2": 0.038717874952052256, "3": 0.013880897583429141}, "temp<=-0.7633471786975861<=0.5": {"0": 0.0, "1": 0.0, "2": 0.0, "3": 0.0}, "temp<=-0.6594813466072083<=0.5": {"0": 0.0, "1": 0.0, "2": 0.0, "3": 0.0}, "temp<=-0.2440180405974388<=0.5": {"0": 0.0, "1": 0.07592539317222857, "2": 0.0733841580360568, "3": 0.0}, "temp<=-0.1401522234082222<=0.5": {"0": 0.0, "1": 0.0, "2": 0.0, "3": 0.0860903337169161}, "hum<=0.8695967793464661<=0.5": {"0": 0.0, "1": 0.0, "2": 0.0, "3": 0.0}, "hr<=1.5841200947761536<=0.5": {"0": 0.0, "1": 0.03207710011507481, "2": 0.0, "3": 0.0}}, "3": {"instant<=-1.2416709661483765<=0.5": {"0": 0.0, "1": 0.0, "2": 0.0864978902953587, "3": 0.08738492520138097, "4": 0.08692942079018018, "5": 0.08652186421173758, "6": 0.09105293440736473, "7": 0.09170023014959727, "8": 0.0, "9": 0.0, "10": 0.0, "11": 0.0, "12": 0.0, "13": 0.0}, "instant<=0.0991622619330883<=0.5": {"0": 0.0, "1": 0.0, "2": 0.0, "3": 0.0, "4": 0.0, "5": 0.0, "6": 0.0, "7": 0.0, "8": 0.04535864978902948, "9": 0.046988876102800115, "10": 0.04521480629075558, "11": 0.04348868431146902, "12": 0.04236191024165714, "13": 0.042937284234752626}, "hr<=-0.7298895418643951<=0.5": {"0": 0.21924146528576904, "1": 0.22008055235903345, "2": 0.2670454545454546, "3": 0.2635212888377445, "4": 0.2673091676256233, "5": 0.26663789796701176, "6": 0.270066168009206, "7": 0.2658947065592635, "8": 0.23432105868814723, "9": 0.2363348676639816, "10": 0.237006137322593, "11": 0.23345799769850395, "12": 0.23194764096662823, "13": 0.22581031837360954}, "hr<=1.4394944906234741<=0.5": {"0": 0.0, "1": 0.0, "2": 0.04816359800537018, "3": 0.04893076332949764, "4": 0.047756041426927465, "5": 0.04718066743383187, "6": 0.0, "7": 0.0, "8": 0.0, "9": 0.0, "10": 0.039700805523590454, "11": 0.03924530111238966, "12": 0.012082853855005737, "13": 0.013377445339470606}, "temp<=-0.7633471786975861<=0.5": {"0": 0.11502685078634445, "1": 0.11780782508630616, "2": 0.0, "3": 0.0, "4": 0.0, "5": 0.0, "6": 0.0, "7": 0.0, "8": 0.0, "9": 0.0, "10": 0.0, "11": 0.0, "12": 0.0, "13": 0.0}, "temp<=-0.6594813466072083<=0.5": {"0": 0.0, "1": 0.0, "2": 0.0, "3": 0.0, "4": 0.0, "5": 0.0, "6": 0.0, "7": 0.0, "8": 0.0, "9": 0.0, "10": 0.0, "11": 0.0, "12": 0.0, "13": 0.0}, "temp<=-0.2440180405974388<=0.5": {"0": 0.0, "1": 0.0, "2": 0.0, "3": 0.0, "4": 0.0, "5": 0.0, "6": 0.0, "7": 0.0, "8": 0.07511028001534337, "9": 0.07772343690065209, "10": 0.06995588799386276, "11": 0.07316839278864595, "12": 0.08728902953586493, "13": 0.0}, "temp<=-0.1401522234082222<=0.5": {"0": 0.0, "1": 0.0, "2": 0.0, "3": 0.0, "4": 0.0, "5": 0.0, "6": 0.0, "7": 0.0, "8": 0.0, "9": 0.0, "10": 0.0, "11": 0.0, "12": 0.0, "13": 0.0871931338703491}, "hum<=0.8695967793464661<=0.5": {"0": 0.0, "1": 0.0, "2": 0.0, "3": 0.0, "4": 0.0, "5": 0.0, "6": 0.0, "7": 0.0, "8": 0.0, "9": 0.0, "10": 0.0, "11": 0.0, "12": 0.0, "13": 0.0}, "hr<=1.5841200947761536<=0.5": {"0": 0.03171749136939006, "1": 0.029224204065976256, "2": 0.0, "3": 0.0, "4": 0.0, "5": 0.0, "6": 0.03682393555811281, "7": 0.037567126965861064, "8": 0.030734560797851973, "9": 0.031118143459915704, "10": 0.0, "11": 0.0, "12": 0.0, "13": 0.0}}, "4": {"instant<=-1.2416709661483765<=0.5": {"0": 0.0, "1": 0.0, "2": 0.0, "3": 0.09158036056770225, "4": 0.0, "5": 0.08697736862293814, "6": 0.08448408131952434, "7": 0.0, "8": 0.09311469121595706, "9": 0.09138856923667049, "10": 0.0, "11": 0.0, "12": 0.046077867280398976, "13": 0.0, "14": 0.08628212504794774, "15": 0.09285097813578824, "16": 0.0, "17": 0.0, "18": 0.0, "19": 0.09239547372458767}, "instant<=0.0991622619330883<=0.5": {"0": 0.03409090909090917, "1": 0.042625623321825956, "2": 0.04480724971231309, "3": 0.0, "4": 0.0, "5": 0.0, "6": 0.0, "7": 0.04626965861143084, "8": 0.0, "9": 0.0, "10": 0.04221806674338313, "11": 0.028241273494437946, "12": 0.0, "13": 0.0, "14": 0.0, "15": 0.0, "16": 0.041786536248561545, "17": 0.04324894514767941, "18": 0.0, "19": 0.0}, "hr<=-0.7298895418643951<=0.5": {"0": 0.2483218258534714, "1": 0.23317031070195626, "2": 0.23837265055619483, "3": 0.2669975067126965, "4": 0.21811469121595695, "5": 0.26515151515151514, "6": 0.26668584579976984, "7": 0.23127637130801681, "8": 0.2650795934023782, "9": 0.2643364019946298, "10": 0.23189969313387027, "11": 0.25314058304564624, "12": 0.266589950134254, "13": 0.2211114307633295, "14": 0.2665899501342539, "15": 0.2669975067126965, "16": 0.23458477176831594, "17": 0.23818085922516297, "18": 0.22173475258918285, "19": 0.2697065592635213}, "hr<=1.4394944906234741<=0.5": {"0": 0.0, "1": 0.03797468354430378, "2": 0.0, "3": 0.0, "4": 0.0, "5": 0.045886075949367, "6": 0.04773206751054859, "7": 0.0, "8": 0.0, "9": 0.0, "10": 0.0, "11": 0.0, "12": 0.04749232834675876, "13": 0.0, "14": 0.04773206751054848, "15": 0.0, "16": 0.012418488684311502, "17": 0.012418488684311502, "18": 0.0, "19": 0.0}, "temp<=-0.7633471786975861<=0.5": {"0": 0.0, "1": 0.0, "2": 0.0, "3": 0.0, "4": 0.11768795550441102, "5": 0.0, "6": 0.0, "7": 0.0, "8": 0.0, "9": 0.0, "10": 0.0, "11": 0.06540084388185652, "12": 0.0, "13": 0.11802359033371701, "14": 0.0, "15": 0.0, "16": 0.0, "17": 0.0, "18": 0.11735232067510548, "19": 0.0}, "temp<=-0.6594813466072083<=0.5": {"0": 0.07050728807057915, "1": 0.0, "2": 0.0, "3": 0.0, "4": 0.0, "5": 0.0, "6": 0.0, "7": 0.0, "8": 0.0, "9": 0.0, "10": 0.0, "11": 0.0, "12": 0.0, "13": 0.0, "14": 0.0, "15": 0.0, "16": 0.0, "17": 0.0, "18": 0.0, "19": 0.0}, "temp<=-0.2440180405974388<=0.5": {"0": 0.0, "1": 0.07000383582662062, "2": 0.07767548906789401, "3": 0.0, "4": 0.0, "5": 0.0, "6": 0.0, "7": 0.0, "8": 0.0, "9": 0.0, "10": 0.08060030686612951, "11": 0.0, "12": 0.032676448024549276, "13": 0.0, "14": 0.0, "15": 0.0, "16": 0.08563482930571542, "17": 0.08460395090141914, "18": 0.0, "19": 0.0}, "temp<=-0.1401522234082222<=0.5": {"0": 0.0, "1": 0.0, "2": 0.0, "3": 0.0, "4": 0.0, "5": 0.0, "6": 0.0, "7": 0.07726793248945152, "8": 0.0, "9": 0.0, "10": 0.0, "11": 0.0, "12": 0.0, "13": 0.0, "14": 0.0, "15": 0.0, "16": 0.0, "17": 0.0, "18": 0.0, "19": 0.0}, "hum<=0.8695967793464661<=0.5": {"0": 0.0, "1": 0.0, "2": 0.0, "3": 0.0, "4": 0.0, "5": 0.0, "6": 0.0, "7": 0.0, "8": 0.0, "9": 0.0, "10": 0.0, "11": 0.0, "12": 0.0, "13": 0.0, "14": 0.0, "15": 0.0, "16": 0.0, "17": 0.0, "18": 0.0, "19": 0.0}, "hr<=1.5841200947761536<=0.5": {"0": 0.034210778672803976, "1": 0.0, "2": 0.03195723053317989, "3": 0.037663022631377, "4": 0.02963176064441886, "5": 0.0, "6": 0.0, "7": 0.029583812811660892, "8": 0.03569716148830071, "9": 0.0370876486382814, "10": 0.017333141542002384, "11": 0.03471423091676251, "12": 0.0, "13": 0.03095032604526271, "14": 0.0, "15": 0.03670406597621789, "16": 0.0, "17": 0.02337456846950503, "18": 0.029535864978902926, "19": 0.03615266589950128}}, "5": {"instant<=-1.2416709661483765<=0.5": {"0": 0.0, "1": 0.0, "2": 0.0, "3": 0.0, "4": 0.0468690065209052, "5": 0.09014192558496359, "6": 0.0866417337936326, "7": 0.04801975450709628, "8": 0.0, "9": 0.0, "10": 0.0, "11": 0.0, "12": 0.09282700421940926, "13": 0.08609033371691599, "14": 0.04718066743383209, "15": 0.0,