{"1": {"instant<=-1.2416709661483765": {"0": 0.0}, "instant<=-1.2127693891525269": {"0": 0.0}, "instant<=0.0991622619330883": {"0": 0.043560606060605966}, "instant<=0.30366575717926025": {"0": 0.0}, "season<=-0.9048906862735748": {"0": 0.0}, "hr<=-0.8745151460170746": {"0": 0.0}, "hr<=-0.7298895418643951": {"0": 0.2285193709244342}, "hr<=-0.5852639377117157": {"0": 0.0}, "hr<=1.4394944906234741": {"0": 0.012850019179133088}, "hr<=1.5841200947761536": {"0": 0.0}, "weathersit<=1.6809338927268982": {"0": 0.0}, "temp<=-0.9710787832736969": {"0": 0.0}, "temp<=-0.7633471786975861": {"0": 0.0}, "temp<=-0.6594813466072083": {"0": 0.0}, "temp<=-0.2440180405974388": {"0": 0.0}, "temp<=-0.1401522234082222": {"0": 0.08589854238588424}, "atemp<=-0.8729992210865021": {"0": 0.0}, "atemp<=0.7141387462615967": {"0": 0.0}, "atemp<=0.802296906709671": {"0": 0.0}, "hum<=0.0402797251008451": {"0": 0.0}, "hum<=0.6104351878166199": {"0": 0.0}, "hum<=0.8695967793464661": {"0": 0.0}}, "2": {"instant<=-1.2416709661483765": {"0": -1.1102230246251565e-16, "1": 0.0, "2": 0.0}, "instant<=-1.2127693891525269": {"0": 0.0855149597238205, "1": 0.0, "2": 0.0}, "instant<=0.0991622619330883": {"0": -1.1102230246251565e-16, "1": 0.045838128116609145, "2": 0.04612581511315694}, "instant<=0.30366575717926025": {"0": -1.1102230246251565e-16, "1": 0.0, "2": 0.0}, "season<=-0.9048906862735748": {"0": -1.1102230246251565e-16, "1": 0.0, "2": 0.0}, "hr<=-0.8745151460170746": {"0": -1.1102230246251565e-16, "1": 0.0, "2": 0.0}, "hr<=-0.7298895418643951": {"0": 0.26287399309551207, "1": 0.2361670502493287, "2": 0.22803989259685475}, "hr<=-0.5852639377117157": {"0": -1.1102230246251565e-16, "1": 0.0, "2": 0.0}, "hr<=1.4394944906234741": {"0": 0.046988876102800115, "1": 0.0, "2": 0.013185654008438852}, "hr<=1.5841200947761536": {"0": -1.1102230246251565e-16, "1": 0.03253260452627549, "2": 0.0}, "weathersit<=1.6809338927268982": {"0": -1.1102230246251565e-16, "1": 0.0, "2": 0.0}, "temp<=-0.9710787832736969": {"0": -1.1102230246251565e-16, "1": 0.0, "2": 0.0}, "temp<=-0.7633471786975861": {"0": -1.1102230246251565e-16, "1": 0.0, "2": 0.0}, "temp<=-0.6594813466072083": {"0": -1.1102230246251565e-16, "1": 0.0, "2": 0.0}, "temp<=-0.2440180405974388": {"0": -1.1102230246251565e-16, "1": 0.07760356731875717, "2": 0.0}, "temp<=-0.1401522234082222": {"0": -1.1102230246251565e-16, "1": 0.0, "2": 0.08616225546605294}, "atemp<=-0.8729992210865021": {"0": -1.1102230246251565e-16, "1": 0.0, "2": 0.0}, "atemp<=0.7141387462615967": {"0": -1.1102230246251565e-16, "1": 0.0, "2": 0.0}, "atemp<=0.802296906709671": {"0": -1.1102230246251565e-16, "1": 0.0, "2": 0.0}, "hum<=0.0402797251008451": {"0": -1.1102230246251565e-16, "1": 0.0, "2": 0.0}, "hum<=0.6104351878166199": {"0": -1.1102230246251565e-16, "1": 0.0, "2": 0.0}, "hum<=0.8695967793464661": {"0": -1.1102230246251565e-16, "1": 0.0, "2": 0.0}}, "3": {"instant<=-1.2416709661483765": {"0": 0.0, "1": 0.0, "2": 0.0}, "instant<=-1.2127693891525269": {"0": 0.09160433448408134, "1": 0.0, "2": 0.0}, "instant<=0.0991622619330883": {"0": 0.0, "1": 0.0, "2": 0.043296892980437374}, "instant<=0.30366575717926025": {"0": 0.0, "1": 0.0, "2": 0.0}, "season<=-0.9048906862735748": {"0": 0.0, "1": 0.0, "2": 0.0}, "hr<=-0.8745151460170746": {"0": 0.0, "1": 0.0, "2": 0.0}, "hr<=-0.7298895418643951": {"0": 0.2687236286919832, "1": 0.21921749136939006, "2": 0.23237917146144993}, "hr<=-0.5852639377117157": {"0": 0.0, "1": 0.0, "2": 0.0}, "hr<=1.4394944906234741": {"0": 0.0, "1": 0.0, "2": 0.038334292289988525}, "hr<=1.5841200947761536": {"0": 0.03658419639432309, "1": 0.02972765630993479, "2": 0.0}, "weathersit<=1.6809338927268982": {"0": 0.0, "1": 0.0, "2": 0.0}, "temp<=-0.9710787832736969": {"0": 0.0, "1": 0.0, "2": 0.0}, "temp<=-0.7633471786975861": {"0": 0.0, "1": 0.11636939010356717, "2": 0.0}, "temp<=-0.6594813466072083": {"0": 0.0, "1": 0.0, "2": 0.0}, "temp<=-0.2440180405974388": {"0": 0.0, "1": 0.0, "2": 0.07105868814729566}, "temp<=-0.1401522234082222": {"0": 0.0, "1": 0.0, "2": 0.0}, "atemp<=-0.8729992210865021": {"0": 0.0, "1": 0.0, "2": 0.0}, "atemp<=0.7141387462615967": {"0": 0.0, "1": 0.0, "2": 0.0}, "atemp<=0.802296906709671": {"0": 0.0, "1": 0.0, "2": 0.0}, "hum<=0.0402797251008451": {"0": 0.0, "1": 0.0, "2": 0.0}, "hum<=0.6104351878166199": {"0": 0.0, "1": 0.0, "2": 0.0}, "hum<=0.8695967793464661": {"0": 0.0, "1": 0.0, "2": 0.0}}, "4": {"instant<=-1.2416709661483765": {"0": -1.1102230246251565e-16, "1": 0.08611430763329497, "2": 0.0}, "instant<=-1.2127693891525269": {"0": 0.08153528960490986, "1": 0.0, "2": 0.0}, "instant<=0.0991622619330883": {"0": -1.1102230246251565e-16, "1": 0.0, "2": 0.04442366705024936}, "instant<=0.30366575717926025": {"0": -1.1102230246251565e-16, "1": 0.0, "2": 0.0}, "season<=-0.9048906862735748": {"0": -1.1102230246251565e-16, "1": 0.0, "2": 0.0}, "hr<=-0.8745151460170746": {"0": -1.1102230246251565e-16, "1": 0.0, "2": 0.0}, "hr<=-0.7298895418643951": {"0": 0.25537015726889145, "1": 0.257144227080936, "2": 0.23626294591484465}, "hr<=-0.5852639377117157": {"0": -1.1102230246251565e-16, "1": 0.0, "2": 0.0}, "hr<=1.4394944906234741": {"0": 0.042865362485615566, "1": 0.0, "2": 0.029583812811660892}, "hr<=1.5841200947761536": {"0": -1.1102230246251565e-16, "1": 0.03454641350210963, "2": 0.0}, "weathersit<=1.6809338927268982": {"0": 0.03087840429612576, "1": 0.03277234369006521, "2": 0.0}, "temp<=-0.9710787832736969": {"0": -1.1102230246251565e-16, "1": 0.0, "2": 0.0}, "temp<=-0.7633471786975861": {"0": -1.1102230246251565e-16, "1": 0.0, "2": 0.0}, "temp<=-0.6594813466072083": {"0": -1.1102230246251565e-16, "1": 0.0, "2": 0.0}, "temp<=-0.2440180405974388": {"0": -1.1102230246251565e-16, "1": 0.0, "2": 0.07113060989643272}, "temp<=-0.1401522234082222": {"0": -1.1102230246251565e-16, "1": 0.0, "2": 0.0}, "atemp<=-0.8729992210865021": {"0": -1.1102230246251565e-16, "1": 0.0, "2": 0.0}, "atemp<=0.7141387462615967": {"0": -1.1102230246251565e-16, "1": 0.0, "2": 0.0156309934790948}, "atemp<=0.802296906709671": {"0": -1.1102230246251565e-16, "1": 0.0, "2": 0.0}, "hum<=0.0402797251008451": {"0": -1.1102230246251565e-16, "1": 0.0, "2": 0.0}, "hum<=0.6104351878166199": {"0": -1.1102230246251565e-16, "1": 0.0, "2": 0.0}, "hum<=0.8695967793464661": {"0": -1.1102230246251565e-16, "1": 0.0, "2": 0.0}}, "5": {"instant<=-1.2416709661483765": {"0": 0.0, "1": -1.1102230246251565e-16, "2": 1.1102230246251565e-16}, "instant<=-1.2127693891525269": {"0": 0.0, "1": 0.08076812428078262, "2": 0.0634829305715382}, "instant<=0.0991622619330883": {"0": 0.02941599539700812, "1": -1.1102230246251565e-16, "2": 1.1102230246251565e-16}, "instant<=0.30366575717926025": {"0": 0.0, "1": -1.1102230246251565e-16, "2": 1.1102230246251565e-16}, "season<=-0.9048906862735748": {"0": 0.0, "1": -1.1102230246251565e-16, "2": 1.1102230246251565e-16}, "hr<=-0.8745151460170746": {"0": 0.0, "1": -1.1102230246251565e-16, "2": 1.1102230246251565e-16}, "hr<=-0.7298895418643951": {"0": 0.2515583045646337, "1": 0.25354813962408895, "2": 0.2693948983505946}, "hr<=-0.5852639377117157": {"0": 0.0, "1": -1.1102230246251565e-16, "2": 1.1102230246251565e-16}, "hr<=1.4394944906234741": {"0": 0.0, "1": 0.04341676256233218, "2": 0.03476217874952048}, "hr<=1.5841200947761536": {"0": 0.035193709244342175, "1": -1.1102230246251565e-16, "2": 1.1102230246251565e-16}, "weathersit<=1.6809338927268982": {"0": 0.0, "1": 0.030830456463367795, "2": 1.1102230246251565e-16}, "temp<=-0.9710787832736969": {"0": 0.0, "1": -1.1102230246251565e-16, "2": 1.1102230246251565e-16}, "temp<=-0.7633471786975861": {"0": 0.06501726121979279, "1": -1.1102230246251565e-16, "2": 1.1102230246251565e-16}, "temp<=-0.6594813466072083": {"0": 0.0, "1": -1.1102230246251565e-16, "2": 1.1102230246251565e-16}, "temp<=-0.2440180405974388": {"0": 0.0, "1": -1.1102230246251565e-16, "2": 1.1102230246251565e-16}, "temp<=-0.1401522234082222": {"0": 0.0, "1": -1.1102230246251565e-16, "2": 1.1102230246251565e-16}, "atemp<=-0.8729992210865021": {"0": 0.0,